time,L,M,N
2016-01-22 07:18:44.029564,50.288061471574466,43.11453961992231,6.831726241498359
2016-01-22 07:18:44.059564,50.264515628675724,43.27495291922565,6.95070556743782
2016-01-22 07:18:44.089564,50.19698001838484,43.4553751064229,7.35226310209442
2016-01-22 07:18:44.119564,50.02756839323179,43.25914613127319,7.535055818718552
2016-01-22 07:18:44.149564,50.188513388946376,43.114821426729776,7.472708037141135
2016-01-22 07:18:44.179564,50.29268996272883,42.682348476472804,7.344666903462081
2016-01-22 07:18:44.209564,50.542167910575444,42.36712087127182,7.130543158482318
2016-01-22 07:18:44.239564,50.73813923825718,42.16060508544089,6.874300531126918
2016-01-22 07:18:44.269564,50.714247069509526,42.1602107461549,7.60176281498625
2016-01-22 07:18:44.299564,50.60941523193193,42.13713200523113,7.932240340687926
2016-01-22 07:18:44.329564,50.38658078749644,42.113564259458215,8.38628272276443
2016-01-22 07:18:44.359564,49.9525878374269,41.5209029701384,8.276555105493605
2016-01-22 07:18:44.389564,50.122604633267365,41.039274646834365,7.859690842565014
2016-01-22 07:18:44.419564,50.135756014396804,40.68889510787488,7.436566239668168
2016-01-22 07:18:44.449564,50.36472951463258,40.31915639715286,7.2591597887971
2016-01-22 07:18:44.479564,50.692623725561305,39.90371503994088,6.83232876325362
2016-01-22 07:18:44.509564,50.91708779556889,39.83786567780861,6.708581877007551
2016-01-22 07:18:44.539564,51.1961634877801,39.132122679907205,6.299482177485182
2016-01-22 07:18:44.569564,51.75912293087389,38.29490496911416,5.856809039848344
2016-01-22 07:18:44.599564,51.529131297198006,37.44261974219134,5.435370793442818
2016-01-22 07:18:44.629564,50.911948515086515,37.999586189515796,5.71907904797658
2016-01-22 07:18:44.659564,50.64460177782928,38.209980821423486,6.00436301384273
2016-01-22 07:18:44.689564,50.59440716774704,38.37711038776439,6.324243011845755
2016-01-22 07:18:44.719564,50.938791256470424,38.70104028675066,6.710262825364781
2016-01-22 07:18:44.749564,51.01232834500722,39.05274507783207,7.069441178299404
2016-01-22 07:18:44.779564,51.1197621737687,39.32361801639146,7.454387528838288
2016-01-22 07:18:44.809564,51.36040598076206,39.54501945739804,8.05812805731809
2016-01-22 07:18:44.839564,51.05163502782277,39.49222159568675,8.529367365024445
2016-01-22 07:18:44.869564,50.9036819458623,39.47478956449806,8.730656267426289
2016-01-22 07:18:44.899564,50.5591209986405,39.31203632644265,8.803021803601046
2016-01-22 07:18:44.929564,50.41941814445872,39.092134363004355,8.933922596528985
2016-01-22 07:18:44.959564,50.18998921168684,38.913607886913375,8.853411204270543
2016-01-22 07:18:44.989564,50.28092609172479,38.99202246172504,8.574581812368685
2016-01-22 07:18:45.019564,49.991335741442,38.78606803111774,7.927711154860798
2016-01-22 07:18:45.049564,49.89203653169771,39.00466092468846,7.137160160520089
2016-01-22 07:18:45.079564,49.89513449036169,39.151244991233746,6.854901509875827
2016-01-22 07:18:45.109564,49.800804293247154,38.93531748514942,6.673020906401217
2016-01-22 07:18:45.139564,49.776516139374124,38.86368232806425,6.622258255652275
2016-01-22 07:18:45.169564,49.64394726140219,38.57247752475376,6.5593861203980035
2016-01-22 07:18:45.199564,49.82238993009861,38.27054660881201,6.34611699111322
2016-01-22 07:18:45.229564,49.999140722766626,38.03821438385024,6.728314137991024
2016-01-22 07:18:45.259564,49.99317873224982,37.742236824697166,6.714470497266226
2016-01-22 07:18:45.289564,50.00679534909272,37.39318699022508,6.277657797934625
2016-01-22 07:18:45.319564,49.7071522590869,36.91090712251921,5.490625855017523
2016-01-22 07:18:45.349564,49.34557980331835,37.21723457072562,5.589835089671655
2016-01-22 07:18:45.379564,49.07209751636633,37.58273942535769,5.564056168666177
2016-01-22 07:18:45.409564,48.759629323813094,37.69000867922157,5.32959742160376
2016-01-22 07:18:45.439564,48.48390557304534,37.90095557055139,5.165588693058701
2016-01-22 07:18:45.469564,48.48378614756881,37.99964751200799,5.075832498591798
2016-01-22 07:18:45.499564,48.5092953428813,37.98917540637369,5.0914671981654225
2016-01-22 07:18:45.529564,48.27338542298225,38.121581705835446,5.0983539868486725
2016-01-22 07:18:45.559564,48.2547064512123,38.411952751175825,4.999670483870882
2016-01-22 07:18:45.589564,48.2297045678685,38.805006336477554,5.096286278496596
2016-01-22 07:18:45.619564,48.1448284911069,38.9994028074043,4.932775442791754
2016-01-22 07:18:45.649564,47.90829589849102,39.36342662789392,5.039127775868758
2016-01-22 07:18:45.679564,47.880862967361615,39.78021450386397,4.8522719292767915
2016-01-22 07:18:45.709564,47.936425811498445,40.22870595920815,4.824273828984875
2016-01-22 07:18:45.739564,47.99279080414837,40.72121810841735,4.881881603583478
2016-01-22 07:18:45.769564,47.92744216412124,41.729392071020435,5.044436069109556
2016-01-22 07:18:45.799564,47.62045007028679,42.77785846907758,5.443154191040224
2016-01-22 07:18:45.829564,47.17484639435043,43.60234040457505,5.641389879058085
2016-01-22 07:18:45.859564,47.052495945699064,44.762008903425006,5.777658775569297
2016-01-22 07:18:45.889564,46.58431486696335,45.60692878967375,5.9146111217228
2016-01-22 07:18:45.919564,46.269247980522806,46.14439066583811,6.0106283964625336
2016-01-22 07:18:45.949564,45.93568687855815,46.734225221534096,6.356073630553454
2016-01-22 07:18:45.979564,45.44606624833315,47.2132857321825,6.739074469826124
2016-01-22 07:18:46.009564,44.60243311161423,47.26148121015676,6.828365150572537
2016-01-22 07:18:46.039564,44.16854002286945,47.17152818497097,7.108145690251435
2016-01-22 07:18:46.069564,43.52447841464472,46.77303745721247,6.998269912973933
2016-01-22 07:18:46.099564,43.07926798847492,46.393411968333815,6.856701817883738
2016-01-22 07:18:46.129564,43.03386892863506,46.26622724446059,6.797970263782411
2016-01-22 07:18:46.159564,42.655671350380125,45.894895348761644,6.615072474175747
2016-01-22 07:18:46.189564,42.599038442383154,45.698609525979535,6.356628575347481
2016-01-22 07:18:46.219564,42.491429931321264,45.41892341485856,6.288451233449694
2016-01-22 07:18:46.249564,42.666361998487105,45.04817139081905,6.064714640888018
2016-01-22 07:18:46.279564,42.82047266119867,44.85243453163647,5.89852066785014
2016-01-22 07:18:46.309564,43.13486151053346,44.51984388256106,5.5448084761910605
2016-01-22 07:18:46.339564,43.51911718045842,44.2951519135864,5.194345623214572
2016-01-22 07:18:46.369564,43.86248247930097,43.89233318914208,5.141596926961342
2016-01-22 07:18:46.399564,44.18010322087568,43.58770474845975,5.004330015632515
2016-01-22 07:18:46.429564,44.71354059977142,43.2217602783688,4.815367065774831
2016-01-22 07:18:46.459564,45.16424920339187,42.94235555786144,4.6421342467893
2016-01-22 07:18:46.489564,45.30729159217966,42.51439724273405,4.617062084356829
2016-01-22 07:18:46.519564,45.603912657253964,41.68955212264603,4.5619504129155475
2016-01-22 07:18:46.549564,45.852949759152864,41.08251599791497,4.3657939888747475
2016-01-22 07:18:46.579564,46.226623276000936,40.37412341425025,4.357448157024549
2016-01-22 07:18:46.609564,46.5933008869366,39.72396024329127,4.073843661555491
2016-01-22 07:18:46.639564,47.09995435991074,39.107005337247585,4.152935141315513
2016-01-22 07:18:46.669564,47.17767077829551,38.555241552608884,4.00580250813302
2016-01-22 07:18:46.699564,47.51049478009262,38.345504424727345,4.042872969798264
2016-01-22 07:18:46.729564,48.081248842395816,38.2481356342685,3.769983087222321
2016-01-22 07:18:46.759564,48.521690014710686,38.14493156163969,3.6691883902230145
2016-01-22 07:18:46.789564,48.8254176400723,38.31286133659403,3.720260486743542
2016-01-22 07:18:46.819564,48.25728771880779,38.397424080924445,3.7511621697079796
2016-01-22 07:18:46.849564,48.09757154505622,38.267562010332085,3.7561605339849944
2016-01-22 07:18:46.879564,48.13214179208921,38.0629158690507,3.470173697104427
2016-01-22 07:18:46.909564,48.12889001556597,37.75649213283917,3.215605906863618
2016-01-22 07:18:46.939564,48.00597920980198,37.16464414708473,3.4452714589140045
2016-01-22 07:18:46.969564,48.33618705086161,36.68220419964037,3.2922335434371486
2016-01-22 07:18:46.999564,48.92544069783226,36.290380667910135,2.8564371286248385
2016-01-22 07:18:47.029564,49.55698475069089,35.763683341424915,2.1439660027725638
2016-01-22 07:18:47.059564,50.263355439342675,35.51940485193657,1.770321948894659
2016-01-22 07:18:47.089564,50.35215346531389,35.117419328079954,2.0136925936274155
2016-01-22 07:18:47.119564,50.47038371116677,34.52584559908843,1.824107530979152
2016-01-22 07:18:47.149564,50.56977806315203,33.35180813966289,1.2944166026700787
2016-01-22 07:18:47.179564,50.936165238715745,33.16334801340976,1.0811855864473499
2016-01-22 07:18:47.209564,50.82745539318201,33.486692006298476,0.9702613262239825
2016-01-22 07:18:47.239564,50.65749420749432,33.66626196391035,1.1571892967019166
2016-01-22 07:18:47.269564,50.822445148034234,33.31790258695116,0.956513236081808
2016-01-22 07:18:47.299564,50.64692921147969,33.09094611160877,1.3004702276654878
2016-01-22 07:18:47.329564,50.79305239393136,33.07115924540811,1.6716762573804482
2016-01-22 07:18:47.359564,50.87855483145246,33.20088863316827,1.9951846647368647
2016-01-22 07:18:47.389564,50.157387381990446,32.121965964299484,1.6400662472235747
2016-01-22 07:18:47.419564,50.35909538494802,31.05666296658923,0.20927817289296913
2016-01-22 07:18:47.449564,51.24740754442987,30.901393745783903,-0.45941421356484347
2016-01-22 07:18:47.479564,51.890608787079465,30.388100940560662,0.19144074890500332
2016-01-22 07:18:47.509564,51.98682509358017,30.068955168089214,0.21362620755363326
2016-01-22 07:18:47.539564,52.558537933542354,29.395495008681362,-0.16995595831576282
2016-01-22 07:18:47.569564,52.431760187387084,28.817050867173556,-0.4113017896676129
2016-01-22 07:18:47.599564,50.87966707474135,28.086897160668933,0.06672131288881478
2016-01-22 07:18:47.629564,51.024004470338504,28.413802671715068,0.01461901945994354
2016-01-22 07:18:47.659564,51.879224667305465,27.824480250537526,-0.5885075940460633
2016-01-22 07:18:47.689564,51.24642362456048,26.656211252954943,0.7146783158226372
2016-01-22 07:18:47.719564,48.77002926077603,24.50110273564235,0.8911532128896432
2016-01-22 07:18:47.749564,47.43505919065099,22.38900716632481,0.32247553929772693
2016-01-22 07:18:47.779564,50.08634920992506,23.613263813198053,1.142163469719734
2016-01-22 07:18:47.809564,49.129441750169136,22.98617206579933,0.7207627360430564
2016-01-22 07:18:47.839564,48.12620689927749,21.46518595951961,1.3439036621894416
2016-01-22 07:18:47.869564,46.49225829801054,20.488437697478023,3.2149993375473134
2016-01-22 07:18:47.899564,49.104944681485726,21.436927830531335,2.420750364392686
2016-01-22 07:18:47.929564,48.74643853235446,20.42687744555777,2.7786745833377697
2016-01-22 07:18:47.959564,46.089838459225454,17.554958991912663,2.569567887415909
2016-01-22 07:18:47.989564,44.517892556723716,15.93617574680562,3.47058997116208
2016-01-22 07:18:48.019564,43.506178072807536,14.357161443875615,4.014591218752707
2016-01-22 07:18:48.049564,41.83205076142001,11.542056080093833,4.110524194901926
2016-01-22 07:18:48.079564,40.19308870461664,9.27676878608647,4.223611913170123
2016-01-22 07:18:48.109564,40.56973780542887,7.792358827132925,5.2513540220109265
2016-01-22 07:18:48.139564,42.26477218288507,5.616504236246843,5.528753057736738
2016-01-22 07:18:48.169564,38.54240644307946,0.08601297107518649,1.3573683314708043
2016-01-22 07:18:48.199564,38.06844120053525,-0.6016112009788067,7.109199717025614
2016-01-22 07:18:48.229564,39.37334134854275,0.14355024755917123,7.563056050295246
2016-01-22 07:18:48.259564,37.701256316367406,-0.3947539746863545,7.594960429317876
2016-01-22 07:18:48.289564,35.88226679009716,-1.4437098556786587,7.919082336909704
2016-01-22 07:18:48.319564,29.26203945187272,0.20135987478944603,7.428483912226682
2016-01-22 07:18:48.349564,28.16149656126627,-0.6844233078911498,7.322531333078308
2016-01-22 07:18:48.379564,26.596428456291846,-3.6170814256229296,8.779929794167701
2016-01-22 07:18:48.409564,25.035609256925024,-2.84791329401331,9.505880215572011
2016-01-22 07:18:48.439564,23.383959332577003,-2.745853813138174,11.035006342587375
2016-01-22 07:18:48.469564,20.77656210718939,-3.8851114986238042,12.63508011920245
2016-01-22 07:18:48.499564,19.405672028440588,-2.9794394840129774,13.245671729969718
2016-01-22 07:18:48.529564,16.98817366972308,-4.693707162610624,13.934771604272111
2016-01-22 07:18:48.559564,15.132570367371532,-4.8209360201702625,15.458130480468384
2016-01-22 07:18:48.589564,12.33632028829132,-3.650235179587487,15.877914006834553
2016-01-22 07:18:48.619564,9.419092377539496,-2.44050549605478,16.570595410435807
2016-01-22 07:18:48.649564,8.043764827549385,-2.0531248047379873,16.46943488650172
2016-01-22 07:18:48.679564,5.209475375731536,-1.265625435965288,14.209178502815886
2016-01-22 07:18:48.709564,3.46063916693788,-0.8531022451253808,11.455712096605978
2016-01-22 07:18:48.739564,2.8780283619554847,-0.40101336975182433,10.167866378058392
2016-01-22 07:18:48.769564,2.3892259030728513,0.18178901613907447,9.555772411932475
2016-01-22 07:18:48.799564,1.4192605647156389,0.36566876140909865,9.048818836967216
2016-01-22 07:18:48.829564,0.8273190693725646,-0.18551104870733756,8.822964619661523
2016-01-22 07:18:48.859564,0.8173312990387713,-0.4507325722533764,8.049385753525016
2016-01-22 07:18:48.889564,0.4424372281937232,-0.02234594601139862,7.636293670454696
2016-01-22 07:18:48.919564,-0.3299611727113172,0.6191210776989339,7.007410692894534
2016-01-22 07:18:48.949564,-0.8060953250183673,1.4592574439260786,6.229207075434006
2016-01-22 07:18:48.979564,-1.8974984428564081,2.5758968846883676,5.762916683366332
2016-01-22 07:18:49.009564,-3.0828718671695103,2.699817735699013,4.950332066983321
2016-01-22 07:18:49.039564,-3.2812109546295734,2.5020308522702024,4.152764561930591
2016-01-22 07:18:49.069564,-3.9894623373924722,3.5280156627367383,4.143876555305722
2016-01-22 07:18:49.099564,-4.421869910678631,3.8395774424487827,4.082508125453442
2016-01-22 07:18:49.129564,-4.62579149313084,3.762515009544668,3.5008281652465576
2016-01-22 07:18:49.159564,-5.3083266736528705,3.280508694768341,2.8375819158511884
2016-01-22 07:18:49.189564,-6.304811548464168,2.9249023231759597,2.54308344263878
2016-01-22 07:18:49.219564,-7.508837421892895,3.3228305009680357,2.885350590056762
2016-01-22 07:18:49.249564,-9.193688411970182,3.6173044626950706,3.4010414417327492
2016-01-22 07:18:49.279564,-10.810728448975283,3.3585865325313873,3.702116876413572
2016-01-22 07:18:49.309564,-12.588335689727316,3.093543823447618,3.8793751493051927
2016-01-22 07:18:49.339564,-14.880438089658254,3.5068730265937615,4.620170269818862
2016-01-22 07:18:49.369564,-16.71692271788964,4.654071441015208,5.073129944568959
2016-01-22 07:18:49.399564,-18.50824620762537,5.376493209598326,5.147559380653685
2016-01-22 07:18:49.429564,-19.802472839658666,4.809523163941008,5.259662792439363
2016-01-22 07:18:49.459564,-21.28958198469487,4.724719357578094,5.254356270914896
2016-01-22 07:18:49.489564,-22.924849509787524,5.234588546816169,5.274000598265195
2016-01-22 07:18:49.519564,-24.19927737542969,6.486711653229023,4.910491486186147
2016-01-22 07:18:49.549564,-25.403935083968747,6.40069207828866,4.791899490799227
2016-01-22 07:18:49.579564,-26.276125915195607,7.668032157085828,5.442010592885301
2016-01-22 07:18:49.609564,-26.09738023969217,11.769944477995697,6.644591667887462
2016-01-22 07:18:49.639564,-27.77188878038456,11.274232460881478,5.617757303081552
2016-01-22 07:18:49.669564,-29.408687657898938,9.752512232588495,5.312752109368673
2016-01-22 07:18:49.699564,-31.86227759359306,9.576636518696414,3.6021071840046153
2016-01-22 07:18:49.729564,-32.35445294194201,11.606493153889275,3.85177975910842
2016-01-22 07:18:49.759564,-32.24086687480694,13.797451111055151,3.733783159315527
2016-01-22 07:18:49.789564,-32.750430955546044,13.779406219476739,3.291394675692107
2016-01-22 07:18:49.819564,-33.83422848128033,15.177942389205615,3.459583536738599
2016-01-22 07:18:49.849564,-34.04656814777947,16.52297994582233,3.119933130897723
2016-01-22 07:18:49.879564,-34.52274911425477,18.280545499247758,3.066628399224201
2016-01-22 07:18:49.909564,-34.93776675549761,20.014190411566936,2.7294746044882445
2016-01-22 07:18:49.939564,-35.00197406342155,21.715223412522676,3.1254348172110884
2016-01-22 07:18:49.969564,-34.90469013893045,23.93863278357156,3.6780172983142014
2016-01-22 07:18:49.999564,-35.33599579784844,25.65434664343324,3.961965404981524
2016-01-22 07:18:50.029564,-35.136966500669644,27.04020122579841,3.0674006954230517
2016-01-22 07:18:50.059564,-35.56290411809703,28.2010806317455,1.8323627440422094
2016-01-22 07:18:50.089564,-36.24136943492152,28.137625037464765,1.5827428110035897
2016-01-22 07:18:50.119564,-37.13151215312318,29.283653827980046,1.8316777743511845
2016-01-22 07:18:50.149564,-37.69708829636229,29.67410470266995,2.573733611728903
2016-01-22 07:18:50.179564,-38.03789420035384,29.876000777991955,2.8040091013458146
2016-01-22 07:18:50.209564,-38.12234510344149,30.25998430470255,2.4569027362601186
2016-01-22 07:18:50.239564,-38.695768794601975,30.995521641519904,2.325226200046876
2016-01-22 07:18:50.269564,-39.35403829477424,32.027201681344856,2.3664353190333305
2016-01-22 07:18:50.299564,-39.81125444067312,32.32522327079615,3.190714695777925
2016-01-22 07:18:50.329564,-40.520952500697895,32.979939638838125,3.254542396639027
2016-01-22 07:18:50.359564,-40.94036831915935,34.33412742320392,3.391290566098797
2016-01-22 07:18:50.389564,-41.545531959674,35.20537544635523,3.448403723848099
2016-01-22 07:18:50.419564,-41.561790332632604,36.04205082544327,3.555282830703083
2016-01-22 07:18:50.449564,-41.425929271926364,36.85918218017556,3.8794594410083367
2016-01-22 07:18:50.479564,-40.64524783354014,37.262049013550886,4.284112344549495
2016-01-22 07:18:50.509564,-40.33168060954512,37.083276198571745,4.6556358402986735
2016-01-22 07:18:50.539564,-40.07288214102483,37.115975530137774,4.788685205992676
2016-01-22 07:18:50.569564,-39.5603882881857,37.31152754420035,4.783481476430153
2016-01-22 07:18:50.599564,-39.71172380655911,37.331859038899616,4.766177454457886
2016-01-22 07:18:50.629564,-39.87393988681064,36.7802834431374,5.4947729731070485
2016-01-22 07:18:50.659564,-39.97332712464186,35.482678482735444,6.445254010441945
2016-01-22 07:18:50.689564,-39.786430452618696,35.01632285335177,6.760285666396795
2016-01-22 07:18:50.719564,-39.45398874958763,34.884391961112726,6.582648970848439
2016-01-22 07:18:50.749564,-39.13946979159177,34.56068622182418,6.615264671527515
2016-01-22 07:18:50.779564,-38.30324726703596,34.32990287495018,6.536487871938444
2016-01-22 07:18:50.809564,-37.67369078516319,34.43615746924231,6.599988368823581
2016-01-22 07:18:50.839564,-37.360627290915886,34.269096557861225,6.696346702510771
2016-01-22 07:18:50.869564,-36.41405077249997,33.42300226035239,7.2556596330032175
2016-01-22 07:18:50.899564,-33.79806384243196,34.84829955111103,7.071081867965185
2016-01-22 07:18:50.929564,-32.23213541285655,34.580894572814515,7.360476968871863
2016-01-22 07:18:50.959564,-32.28779156321938,34.22398496048069,7.729017009831329
2016-01-22 07:18:50.989564,-31.5723154280633,34.55853821019262,7.52883968640387
2016-01-22 07:18:51.019564,-31.11670491106177,34.667025508417495,7.439207916705904
2016-01-22 07:18:51.049564,-30.485409757572235,35.19741538793051,7.5330518639333
2016-01-22 07:18:51.079564,-30.091854838860918,35.24080389165878,7.271573667983446
2016-01-22 07:18:51.109564,-30.35930373695871,35.77757350897861,7.138385060454951
2016-01-22 07:18:51.139564,-30.43985794793828,36.82242551013174,7.478898831924147
2016-01-22 07:18:51.169564,-29.8112289970267,37.70315341564463,7.147622193876479
2016-01-22 07:18:51.199564,-28.73390722482995,38.91502544639268,6.666273182420934
2016-01-22 07:18:51.229564,-28.537814247126132,39.59439757208136,6.87728116970813
2016-01-22 07:18:51.259564,-27.687844588819214,39.48377239904042,7.1756235107024775
2016-01-22 07:18:51.289564,-26.548669275602595,39.391476961581255,7.417863747448926
2016-01-22 07:18:51.319564,-24.968534456637027,40.00079429229407,7.038758888502989
2016-01-22 07:18:51.349564,-22.850647377923284,39.77913786559475,6.747678351490703
2016-01-22 07:18:51.379564,-21.87779192360341,38.125814645265244,7.069677449728476
2016-01-22 07:18:51.409564,-21.030802036907563,36.964252459762136,7.473609330100245
2016-01-22 07:18:51.439564,-20.568408651769033,36.07989687765405,7.475062385772203
2016-01-22 07:18:51.469564,-20.3953249309348,35.31900000900576,7.077550135383967
2016-01-22 07:18:51.499564,-20.401158128330934,34.47080459478293,6.57104985624112
2016-01-22 07:18:51.529564,-21.982665004547776,33.371516951278494,6.382239707985153
2016-01-22 07:18:51.559564,-22.873174321689298,32.061747122367606,6.827079099079548
2016-01-22 07:18:51.589564,-22.693071684896292,30.477145530695044,7.981005375648999
2016-01-22 07:18:51.619564,-21.335303695098236,30.53489046333268,8.097583897200067
2016-01-22 07:18:51.649564,-21.777571912910158,30.485270897956536,7.943369175536089
2016-01-22 07:18:51.679564,-22.11754349410303,30.175891878099304,7.845805054611779
2016-01-22 07:18:51.709564,-22.995526323104585,29.864702407734526,8.143701476572305
2016-01-22 07:18:51.739564,-23.708882187853956,29.07166094856351,8.402438531002963
2016-01-22 07:18:51.769564,-23.875051671874676,28.727240151545395,8.860597568577221
2016-01-22 07:18:51.799564,-23.803211626198134,28.578467964436133,8.660619585286062
2016-01-22 07:18:51.829564,-23.3957136923996,28.686446485983495,8.198883786723334
2016-01-22 07:18:51.859564,-24.037177256914052,28.12053588171095,8.158135759721548
2016-01-22 07:18:51.889564,-25.097979954479086,27.603992218866463,8.039411373280217
2016-01-22 07:18:51.919564,-25.835163406773038,27.230329700442976,7.9499685186609055
2016-01-22 07:18:51.949564,-26.774668647496586,27.37461447556388,8.020545699362545
2016-01-22 07:18:51.979564,-27.382585034195866,27.280501978697888,7.9017522593322385
2016-01-22 07:18:52.009564,-27.17388632548326,26.863335275121674,7.676317307654068
2016-01-22 07:18:52.039564,-26.97085293461864,26.67622881696338,7.805219838781233
2016-01-22 07:18:52.069564,-26.950505285014845,26.741642046920823,7.9204057326715525
2016-01-22 07:18:52.099564,-27.183543711109458,26.75020385656063,7.725212528762806
2016-01-22 07:18:52.129564,-27.524258091292022,27.239188948572735,7.129542253645855
2016-01-22 07:18:52.159564,-27.729593181150673,27.32252216931507,6.525072244669788
2016-01-22 07:18:52.189564,-28.25430482655308,27.63752053452172,6.44452079437489
2016-01-22 07:18:52.219564,-28.531813155449427,27.698990481922085,5.948150465246063
2016-01-22 07:18:52.249564,-28.65195215655672,27.912788521038806,5.778042545943825
2016-01-22 07:18:52.279564,-28.35350856909948,28.19122406049645,5.5953061816315035
2016-01-22 07:18:52.309564,-28.528423804558425,28.41765230389082,5.55874478678062
2016-01-22 07:18:52.339564,-28.72370343337896,28.841284604853403,5.607815581553227
2016-01-22 07:18:52.369564,-28.50402910776041,28.957840933311775,5.563385335115692
2016-01-22 07:18:52.399564,-28.330001245046095,28.645934517207053,5.70265389326795
2016-01-22 07:18:52.429564,-28.28936230436341,28.42666327818646,5.913669706155947
2016-01-22 07:18:52.459564,-28.220693714865856,28.283641624524044,6.174338603052836
2016-01-22 07:18:52.489564,-28.45958922909782,28.38922445806031,6.6749619835924445
2016-01-22 07:18:52.519564,-28.574199343868223,29.034617112273445,7.077751280523531
2016-01-22 07:18:52.549564,-28.944092505655917,29.620132883608903,7.416446764628264
2016-01-22 07:18:52.579564,-29.353438627137063,29.622556581667293,7.824561954370262
2016-01-22 07:18:52.609564,-29.696383445853122,29.60977390167434,8.468970566793356
2016-01-22 07:18:52.639564,-28.90910390573316,29.317227624963106,8.400225466752879
2016-01-22 07:18:52.669564,-28.962580703618816,28.581340538895926,8.50276701748189
2016-01-22 07:18:52.699564,-29.04906921934018,28.36898654122901,8.546037160000354
2016-01-22 07:18:52.729564,-29.64344296928719,28.156460602189295,8.72654610118904
2016-01-22 07:18:52.759564,-29.420094027104444,28.822575062400002,8.905597541246788
2016-01-22 07:18:52.789564,-28.87381329771508,29.225748146524904,9.151432360621802
2016-01-22 07:18:52.819564,-28.28540524192757,29.934271710694276,9.282752447976494
2016-01-22 07:18:52.849564,-27.743124681935875,30.44785506036875,9.48747544711102
2016-01-22 07:18:52.879564,-27.25604332694694,30.92335457156448,9.52151009142967
2016-01-22 07:18:52.909564,-26.943926293905733,31.286140742767326,9.74067116536082
2016-01-22 07:18:52.939564,-26.625507263937067,31.586171923440876,9.835508828366137
2016-01-22 07:18:52.969564,-26.42296106763058,31.864276632046426,9.925633870663708
2016-01-22 07:18:52.999564,-26.367016789314416,32.12616419627939,9.904720241162472
